{
    "train_accuracy": 0.9800375,
    "test_accuracy": 0.9776,
    "train_roc_auc": 0.988899403873262,
    "test_roc_auc": 0.972582852543982,
    "train_log_loss": 0.07320100244210116,
    "test_log_loss": 0.09548962111328307,
    "f1_score": 0.9273434965942264,
    "precision": 0.9791095890410959,
    "recall": 0.8807763401109058,
    "train_kappa": 0.9238018233336208,
    "test_kappa": 0.9141461141151453
}